{"cameraMode":{"drawMode":0,"name":"Shaded","section":"Shading Mode"},"sceneLighting":false,"audioPlay":false,"sceneViewState":{"m_AlwaysRefresh":false,"showFog":true,"showSkybox":false,"showFlares":true,"showImageEffects":true,"showParticleSystems":true,"showVisualEffectGraphs":true,"m_FxEnabled":true},"in2DMode":false,"pivot":{"x":0.3099999725818634,"y":-2.5734663009643556,"z":-2.000000238418579},"rotation":{"x":0.009923141449689865,"y":0.9723408222198486,"z":-0.22953853011131288,"w":0.04203510284423828},"size":0.45689257979393008,"orthographic":false}